[{"id": "c8432827-cbb9-45c3-983f-21c31c8a82ae", "conversation_id": "69081c26-4f34-8332-9735-7b819912e294", "user_id": "user-zgQgJ9edrQdmkbwvrYia2Wpd", "rating": "thumbs_down", "create_time": "2025-11-29T22:59:14.695231Z", "workspace_id": null, "content": "{}", "evaluation_name": "personal_context_search_unpaid_v2", "evaluation_treatment": "ea", "update_time": "2025-11-29T22:59:14.808745Z"}, {"id": "9ed6b6a6-6fcf-4635-af18-8274b308099c", "conversation_id": "693b4bd1-bc50-8328-a33d-b30ef5988561", "user_id": "user-zgQgJ9edrQdmkbwvrYia2Wpd", "rating": "thumbs_down", "create_time": "2025-12-13T03:08:17.193341Z", "workspace_id": null, "content": "{}", "evaluation_name": null, "evaluation_treatment": null, "update_time": "2025-12-13T03:08:17.264414Z"}, {"id": "12fe02e8-d4c5-4ec6-9d78-286b18a413e0", "conversation_id": "693b4bd1-bc50-8328-a33d-b30ef5988561", "user_id": "user-zgQgJ9edrQdmkbwvrYia2Wpd", "rating": "thumbs_down", "create_time": "2025-12-13T03:09:23.768275Z", "workspace_id": null, "content": "{}", "evaluation_name": null, "evaluation_treatment": null, "update_time": "2025-12-13T03:09:23.937976Z"}]